{
  "ABIRoot": {
    "kind": "Root",
    "name": "SwiftCompilerPlugin",
    "printedName": "SwiftCompilerPlugin",
    "children": [
      {
        "kind": "Import",
        "name": "SwiftSyntaxMacros",
        "printedName": "SwiftSyntaxMacros",
        "declKind": "Import",
        "moduleName": "SwiftCompilerPlugin",
        "declAttributes": [
          "RawDocComment"
        ]
      },
      {
        "kind": "Import",
        "name": "SwiftCompilerPluginMessageHandling",
        "printedName": "SwiftCompilerPluginMessageHandling",
        "declKind": "Import",
        "moduleName": "SwiftCompilerPlugin",
        "declAttributes": [
          "ImplementationOnly"
        ]
      },
      {
        "kind": "Import",
        "name": "Foundation",
        "printedName": "Foundation",
        "declKind": "Import",
        "moduleName": "SwiftCompilerPlugin",
        "declAttributes": [
          "ImplementationOnly"
        ]
      },
      {
        "kind": "TypeDecl",
        "name": "CompilerPlugin",
        "printedName": "CompilerPlugin",
        "children": [
          {
            "kind": "Constructor",
            "name": "init",
            "printedName": "init()",
            "children": [
              {
                "kind": "TypeNominal",
                "name": "GenericTypeParam",
                "printedName": "τ_0_0"
              }
            ],
            "declKind": "Constructor",
            "usr": "s:19SwiftCompilerPlugin0bC0Pxycfc",
            "mangledName": "$s19SwiftCompilerPlugin0bC0Pxycfc",
            "moduleName": "SwiftCompilerPlugin",
            "genericSig": "<τ_0_0 where τ_0_0 : SwiftCompilerPlugin.CompilerPlugin>",
            "sugared_genericSig": "<Self where Self : SwiftCompilerPlugin.CompilerPlugin>",
            "protocolReq": true,
            "reqNewWitnessTableEntry": true,
            "init_kind": "Designated"
          },
          {
            "kind": "Var",
            "name": "providingMacros",
            "printedName": "providingMacros",
            "children": [
              {
                "kind": "TypeNominal",
                "name": "Array",
                "printedName": "[any SwiftSyntaxMacros.Macro.Type]",
                "children": [
                  {
                    "kind": "TypeNominal",
                    "name": "ExistentialMetatype",
                    "printedName": "any SwiftSyntaxMacros.Macro.Type",
                    "children": [
                      {
                        "kind": "TypeNominal",
                        "name": "Macro",
                        "printedName": "SwiftSyntaxMacros.Macro",
                        "usr": "s:17SwiftSyntaxMacros5MacroP"
                      }
                    ]
                  }
                ],
                "usr": "s:Sa"
              }
            ],
            "declKind": "Var",
            "usr": "s:19SwiftCompilerPlugin0bC0P15providingMacrosSay0a6SyntaxE05Macro_pXpGvp",
            "mangledName": "$s19SwiftCompilerPlugin0bC0P15providingMacrosSay0a6SyntaxE05Macro_pXpGvp",
            "moduleName": "SwiftCompilerPlugin",
            "protocolReq": true,
            "accessors": [
              {
                "kind": "Accessor",
                "name": "Get",
                "printedName": "Get()",
                "children": [
                  {
                    "kind": "TypeNominal",
                    "name": "Array",
                    "printedName": "[any SwiftSyntaxMacros.Macro.Type]",
                    "children": [
                      {
                        "kind": "TypeNominal",
                        "name": "ExistentialMetatype",
                        "printedName": "any SwiftSyntaxMacros.Macro.Type",
                        "children": [
                          {
                            "kind": "TypeNominal",
                            "name": "Macro",
                            "printedName": "SwiftSyntaxMacros.Macro",
                            "usr": "s:17SwiftSyntaxMacros5MacroP"
                          }
                        ]
                      }
                    ],
                    "usr": "s:Sa"
                  }
                ],
                "declKind": "Accessor",
                "usr": "s:19SwiftCompilerPlugin0bC0P15providingMacrosSay0a6SyntaxE05Macro_pXpGvg",
                "mangledName": "$s19SwiftCompilerPlugin0bC0P15providingMacrosSay0a6SyntaxE05Macro_pXpGvg",
                "moduleName": "SwiftCompilerPlugin",
                "genericSig": "<τ_0_0 where τ_0_0 : SwiftCompilerPlugin.CompilerPlugin>",
                "sugared_genericSig": "<Self where Self : SwiftCompilerPlugin.CompilerPlugin>",
                "protocolReq": true,
                "reqNewWitnessTableEntry": true,
                "accessorKind": "get"
              }
            ]
          },
          {
            "kind": "Function",
            "name": "resolveMacro",
            "printedName": "resolveMacro(moduleName:typeName:)",
            "children": [
              {
                "kind": "TypeNominal",
                "name": "Optional",
                "printedName": "(any SwiftSyntaxMacros.Macro.Type)?",
                "children": [
                  {
                    "kind": "TypeNominal",
                    "name": "ExistentialMetatype",
                    "printedName": "any SwiftSyntaxMacros.Macro.Type",
                    "children": [
                      {
                        "kind": "TypeNominal",
                        "name": "Macro",
                        "printedName": "SwiftSyntaxMacros.Macro",
                        "usr": "s:17SwiftSyntaxMacros5MacroP"
                      }
                    ]
                  }
                ],
                "usr": "s:Sq"
              },
              {
                "kind": "TypeNominal",
                "name": "String",
                "printedName": "Swift.String",
                "usr": "s:SS"
              },
              {
                "kind": "TypeNominal",
                "name": "String",
                "printedName": "Swift.String",
                "usr": "s:SS"
              }
            ],
            "declKind": "Func",
            "usr": "s:19SwiftCompilerPlugin0bC0PAAE12resolveMacro10moduleName04typeG00A12SyntaxMacros0E0_pXpSgSS_SStF",
            "mangledName": "$s19SwiftCompilerPlugin0bC0PAAE12resolveMacro10moduleName04typeG00A12SyntaxMacros0E0_pXpSgSS_SStF",
            "moduleName": "SwiftCompilerPlugin",
            "genericSig": "<τ_0_0 where τ_0_0 : SwiftCompilerPlugin.CompilerPlugin>",
            "sugared_genericSig": "<Self where Self : SwiftCompilerPlugin.CompilerPlugin>",
            "isFromExtension": true,
            "funcSelfKind": "NonMutating"
          },
          {
            "kind": "Function",
            "name": "_resolveMacro",
            "printedName": "_resolveMacro(moduleName:typeName:)",
            "children": [
              {
                "kind": "TypeNominal",
                "name": "Optional",
                "printedName": "(any SwiftSyntaxMacros.Macro.Type)?",
                "children": [
                  {
                    "kind": "TypeNominal",
                    "name": "ExistentialMetatype",
                    "printedName": "any SwiftSyntaxMacros.Macro.Type",
                    "children": [
                      {
                        "kind": "TypeNominal",
                        "name": "Macro",
                        "printedName": "SwiftSyntaxMacros.Macro",
                        "usr": "s:17SwiftSyntaxMacros5MacroP"
                      }
                    ]
                  }
                ],
                "usr": "s:Sq"
              },
              {
                "kind": "TypeNominal",
                "name": "String",
                "printedName": "Swift.String",
                "usr": "s:SS"
              },
              {
                "kind": "TypeNominal",
                "name": "String",
                "printedName": "Swift.String",
                "usr": "s:SS"
              }
            ],
            "declKind": "Func",
            "usr": "s:19SwiftCompilerPlugin0bC0PAAE13_resolveMacro10moduleName04typeG00A12SyntaxMacros0E0_pXpSgSS_SStF",
            "mangledName": "$s19SwiftCompilerPlugin0bC0PAAE13_resolveMacro10moduleName04typeG00A12SyntaxMacros0E0_pXpSgSS_SStF",
            "moduleName": "SwiftCompilerPlugin",
            "genericSig": "<τ_0_0 where τ_0_0 : SwiftCompilerPlugin.CompilerPlugin>",
            "sugared_genericSig": "<Self where Self : SwiftCompilerPlugin.CompilerPlugin>",
            "declAttributes": [
              "AccessControl",
              "RawDocComment"
            ],
            "isFromExtension": true,
            "funcSelfKind": "NonMutating"
          },
          {
            "kind": "Function",
            "name": "main",
            "printedName": "main()",
            "children": [
              {
                "kind": "TypeNominal",
                "name": "Void",
                "printedName": "()"
              }
            ],
            "declKind": "Func",
            "usr": "s:19SwiftCompilerPlugin0bC0PAAE4mainyyKFZ",
            "mangledName": "$s19SwiftCompilerPlugin0bC0PAAE4mainyyKFZ",
            "moduleName": "SwiftCompilerPlugin",
            "genericSig": "<τ_0_0 where τ_0_0 : SwiftCompilerPlugin.CompilerPlugin>",
            "sugared_genericSig": "<Self where Self : SwiftCompilerPlugin.CompilerPlugin>",
            "static": true,
            "declAttributes": [
              "AccessControl",
              "RawDocComment"
            ],
            "isFromExtension": true,
            "throwing": true,
            "funcSelfKind": "NonMutating"
          }
        ],
        "declKind": "Protocol",
        "usr": "s:19SwiftCompilerPlugin0bC0P",
        "mangledName": "$s19SwiftCompilerPlugin0bC0P",
        "moduleName": "SwiftCompilerPlugin",
        "declAttributes": [
          "AccessControl",
          "RawDocComment"
        ],
        "conformances": [
          {
            "kind": "Conformance",
            "name": "Escapable",
            "printedName": "Escapable",
            "usr": "s:s9EscapableP",
            "mangledName": "$ss9EscapableP"
          },
          {
            "kind": "Conformance",
            "name": "Copyable",
            "printedName": "Copyable",
            "usr": "s:s8CopyableP",
            "mangledName": "$ss8CopyableP"
          }
        ]
      },
      {
        "kind": "TypeDecl",
        "name": "MacroProviderAdapter",
        "printedName": "MacroProviderAdapter",
        "children": [
          {
            "kind": "Var",
            "name": "plugin",
            "printedName": "plugin",
            "children": [
              {
                "kind": "TypeNominal",
                "name": "GenericTypeParam",
                "printedName": "τ_0_0"
              }
            ],
            "declKind": "Var",
            "usr": "s:19SwiftCompilerPlugin20MacroProviderAdapterV6pluginxvp",
            "mangledName": "$s19SwiftCompilerPlugin20MacroProviderAdapterV6pluginxvp",
            "moduleName": "SwiftCompilerPlugin",
            "declAttributes": [
              "HasStorage"
            ],
            "fixedbinaryorder": 0,
            "isLet": true,
            "hasStorage": true,
            "accessors": [
              {
                "kind": "Accessor",
                "name": "Get",
                "printedName": "Get()",
                "children": [
                  {
                    "kind": "TypeNominal",
                    "name": "GenericTypeParam",
                    "printedName": "τ_0_0"
                  }
                ],
                "declKind": "Accessor",
                "usr": "s:19SwiftCompilerPlugin20MacroProviderAdapterV6pluginxvg",
                "mangledName": "$s19SwiftCompilerPlugin20MacroProviderAdapterV6pluginxvg",
                "moduleName": "SwiftCompilerPlugin",
                "genericSig": "<τ_0_0 where τ_0_0 : SwiftCompilerPlugin.CompilerPlugin>",
                "sugared_genericSig": "<Plugin where Plugin : SwiftCompilerPlugin.CompilerPlugin>",
                "implicit": true,
                "declAttributes": [
                  "Transparent"
                ],
                "accessorKind": "get"
              }
            ]
          },
          {
            "kind": "Constructor",
            "name": "init",
            "printedName": "init(plugin:)",
            "children": [
              {
                "kind": "TypeNominal",
                "name": "MacroProviderAdapter",
                "printedName": "SwiftCompilerPlugin.MacroProviderAdapter<τ_0_0>",
                "children": [
                  {
                    "kind": "TypeNominal",
                    "name": "GenericTypeParam",
                    "printedName": "τ_0_0"
                  }
                ],
                "usr": "s:19SwiftCompilerPlugin20MacroProviderAdapterV"
              },
              {
                "kind": "TypeNominal",
                "name": "GenericTypeParam",
                "printedName": "τ_0_0"
              }
            ],
            "declKind": "Constructor",
            "usr": "s:19SwiftCompilerPlugin20MacroProviderAdapterV6pluginACyxGx_tcfc",
            "mangledName": "$s19SwiftCompilerPlugin20MacroProviderAdapterV6pluginACyxGx_tcfc",
            "moduleName": "SwiftCompilerPlugin",
            "genericSig": "<τ_0_0 where τ_0_0 : SwiftCompilerPlugin.CompilerPlugin>",
            "sugared_genericSig": "<Plugin where Plugin : SwiftCompilerPlugin.CompilerPlugin>",
            "init_kind": "Designated"
          },
          {
            "kind": "Function",
            "name": "resolveMacro",
            "printedName": "resolveMacro(moduleName:typeName:)",
            "children": [
              {
                "kind": "TypeNominal",
                "name": "Optional",
                "printedName": "(any SwiftSyntaxMacros.Macro.Type)?",
                "children": [
                  {
                    "kind": "TypeNominal",
                    "name": "ExistentialMetatype",
                    "printedName": "any SwiftSyntaxMacros.Macro.Type",
                    "children": [
                      {
                        "kind": "TypeNominal",
                        "name": "Macro",
                        "printedName": "SwiftSyntaxMacros.Macro",
                        "usr": "s:17SwiftSyntaxMacros5MacroP"
                      }
                    ]
                  }
                ],
                "usr": "s:Sq"
              },
              {
                "kind": "TypeNominal",
                "name": "String",
                "printedName": "Swift.String",
                "usr": "s:SS"
              },
              {
                "kind": "TypeNominal",
                "name": "String",
                "printedName": "Swift.String",
                "usr": "s:SS"
              }
            ],
            "declKind": "Func",
            "usr": "s:19SwiftCompilerPlugin20MacroProviderAdapterV07resolveD010moduleName04typeI00A12SyntaxMacros0D0_pXpSgSS_SStF",
            "mangledName": "$s19SwiftCompilerPlugin20MacroProviderAdapterV07resolveD010moduleName04typeI00A12SyntaxMacros0D0_pXpSgSS_SStF",
            "moduleName": "SwiftCompilerPlugin",
            "genericSig": "<τ_0_0 where τ_0_0 : SwiftCompilerPlugin.CompilerPlugin>",
            "sugared_genericSig": "<Plugin where Plugin : SwiftCompilerPlugin.CompilerPlugin>",
            "funcSelfKind": "NonMutating"
          }
        ],
        "declKind": "Struct",
        "usr": "s:19SwiftCompilerPlugin20MacroProviderAdapterV",
        "mangledName": "$s19SwiftCompilerPlugin20MacroProviderAdapterV",
        "moduleName": "SwiftCompilerPlugin",
        "genericSig": "<τ_0_0 where τ_0_0 : SwiftCompilerPlugin.CompilerPlugin>",
        "sugared_genericSig": "<Plugin where Plugin : SwiftCompilerPlugin.CompilerPlugin>",
        "conformances": [
          {
            "kind": "Conformance",
            "name": "Copyable",
            "printedName": "Copyable",
            "usr": "s:s8CopyableP",
            "mangledName": "$ss8CopyableP"
          },
          {
            "kind": "Conformance",
            "name": "Escapable",
            "printedName": "Escapable",
            "usr": "s:s9EscapableP",
            "mangledName": "$ss9EscapableP"
          },
          {
            "kind": "Conformance",
            "name": "PluginProvider",
            "printedName": "PluginProvider",
            "usr": "s:34SwiftCompilerPluginMessageHandling0C8ProviderP",
            "mangledName": "$s34SwiftCompilerPluginMessageHandling0C8ProviderP"
          },
          {
            "kind": "Conformance",
            "name": "Sendable",
            "printedName": "Sendable",
            "usr": "s:s8SendableP",
            "mangledName": "$ss8SendableP"
          }
        ]
      },
      {
        "kind": "TypeDecl",
        "name": "PluginHostConnection",
        "printedName": "PluginHostConnection",
        "children": [
          {
            "kind": "Var",
            "name": "inputStream",
            "printedName": "inputStream",
            "children": [
              {
                "kind": "TypeNominal",
                "name": "FileHandle",
                "printedName": "Foundation.FileHandle",
                "usr": "c:objc(cs)NSFileHandle"
              }
            ],
            "declKind": "Var",
            "usr": "s:19SwiftCompilerPlugin0C14HostConnectionV11inputStreamSo12NSFileHandleCvp",
            "mangledName": "$s19SwiftCompilerPlugin0C14HostConnectionV11inputStreamSo12NSFileHandleCvp",
            "moduleName": "SwiftCompilerPlugin",
            "declAttributes": [
              "HasStorage"
            ],
            "fixedbinaryorder": 0,
            "isLet": true,
            "hasStorage": true,
            "accessors": [
              {
                "kind": "Accessor",
                "name": "Get",
                "printedName": "Get()",
                "children": [
                  {
                    "kind": "TypeNominal",
                    "name": "FileHandle",
                    "printedName": "Foundation.FileHandle",
                    "usr": "c:objc(cs)NSFileHandle"
                  }
                ],
                "declKind": "Accessor",
                "usr": "s:19SwiftCompilerPlugin0C14HostConnectionV11inputStreamSo12NSFileHandleCvg",
                "mangledName": "$s19SwiftCompilerPlugin0C14HostConnectionV11inputStreamSo12NSFileHandleCvg",
                "moduleName": "SwiftCompilerPlugin",
                "implicit": true,
                "declAttributes": [
                  "Transparent"
                ],
                "accessorKind": "get"
              }
            ]
          },
          {
            "kind": "Var",
            "name": "outputStream",
            "printedName": "outputStream",
            "children": [
              {
                "kind": "TypeNominal",
                "name": "FileHandle",
                "printedName": "Foundation.FileHandle",
                "usr": "c:objc(cs)NSFileHandle"
              }
            ],
            "declKind": "Var",
            "usr": "s:19SwiftCompilerPlugin0C14HostConnectionV12outputStreamSo12NSFileHandleCvp",
            "mangledName": "$s19SwiftCompilerPlugin0C14HostConnectionV12outputStreamSo12NSFileHandleCvp",
            "moduleName": "SwiftCompilerPlugin",
            "declAttributes": [
              "HasStorage"
            ],
            "fixedbinaryorder": 1,
            "isLet": true,
            "hasStorage": true,
            "accessors": [
              {
                "kind": "Accessor",
                "name": "Get",
                "printedName": "Get()",
                "children": [
                  {
                    "kind": "TypeNominal",
                    "name": "FileHandle",
                    "printedName": "Foundation.FileHandle",
                    "usr": "c:objc(cs)NSFileHandle"
                  }
                ],
                "declKind": "Accessor",
                "usr": "s:19SwiftCompilerPlugin0C14HostConnectionV12outputStreamSo12NSFileHandleCvg",
                "mangledName": "$s19SwiftCompilerPlugin0C14HostConnectionV12outputStreamSo12NSFileHandleCvg",
                "moduleName": "SwiftCompilerPlugin",
                "implicit": true,
                "declAttributes": [
                  "Transparent"
                ],
                "accessorKind": "get"
              }
            ]
          },
          {
            "kind": "Function",
            "name": "sendMessage",
            "printedName": "sendMessage(_:)",
            "children": [
              {
                "kind": "TypeNominal",
                "name": "Void",
                "printedName": "()"
              },
              {
                "kind": "TypeNominal",
                "name": "GenericTypeParam",
                "printedName": "τ_0_0"
              }
            ],
            "declKind": "Func",
            "usr": "s:19SwiftCompilerPlugin0C14HostConnectionV11sendMessageyyxKSERzlF",
            "mangledName": "$s19SwiftCompilerPlugin0C14HostConnectionV11sendMessageyyxKSERzlF",
            "moduleName": "SwiftCompilerPlugin",
            "genericSig": "<τ_0_0 where τ_0_0 : Swift.Encodable>",
            "sugared_genericSig": "<TX where TX : Swift.Encodable>",
            "throwing": true,
            "funcSelfKind": "NonMutating"
          },
          {
            "kind": "Function",
            "name": "waitForNextMessage",
            "printedName": "waitForNextMessage(_:)",
            "children": [
              {
                "kind": "TypeNominal",
                "name": "Optional",
                "printedName": "τ_0_0?",
                "children": [
                  {
                    "kind": "TypeNominal",
                    "name": "GenericTypeParam",
                    "printedName": "τ_0_0"
                  }
                ],
                "usr": "s:Sq"
              },
              {
                "kind": "TypeNominal",
                "name": "Metatype",
                "printedName": "τ_0_0.Type",
                "children": [
                  {
                    "kind": "TypeNominal",
                    "name": "GenericTypeParam",
                    "printedName": "τ_0_0"
                  }
                ]
              }
            ],
            "declKind": "Func",
            "usr": "s:19SwiftCompilerPlugin0C14HostConnectionV18waitForNextMessageyxSgxmKSeRzlF",
            "mangledName": "$s19SwiftCompilerPlugin0C14HostConnectionV18waitForNextMessageyxSgxmKSeRzlF",
            "moduleName": "SwiftCompilerPlugin",
            "genericSig": "<τ_0_0 where τ_0_0 : Swift.Decodable>",
            "sugared_genericSig": "<RX where RX : Swift.Decodable>",
            "throwing": true,
            "funcSelfKind": "NonMutating"
          },
          {
            "kind": "TypeDecl",
            "name": "PluginMessageError",
            "printedName": "PluginMessageError",
            "children": [
              {
                "kind": "Var",
                "name": "truncatedHeader",
                "printedName": "truncatedHeader",
                "children": [
                  {
                    "kind": "TypeFunc",
                    "name": "Function",
                    "printedName": "(SwiftCompilerPlugin.PluginHostConnection.PluginMessageError.Type) -> SwiftCompilerPlugin.PluginHostConnection.PluginMessageError",
                    "children": [
                      {
                        "kind": "TypeNominal",
                        "name": "PluginMessageError",
                        "printedName": "SwiftCompilerPlugin.PluginHostConnection.PluginMessageError",
                        "usr": "s:19SwiftCompilerPlugin0C14HostConnectionV0C12MessageErrorO"
                      },
                      {
                        "kind": "TypeNominal",
                        "name": "Metatype",
                        "printedName": "SwiftCompilerPlugin.PluginHostConnection.PluginMessageError.Type",
                        "children": [
                          {
                            "kind": "TypeNominal",
                            "name": "PluginMessageError",
                            "printedName": "SwiftCompilerPlugin.PluginHostConnection.PluginMessageError",
                            "usr": "s:19SwiftCompilerPlugin0C14HostConnectionV0C12MessageErrorO"
                          }
                        ]
                      }
                    ]
                  }
                ],
                "declKind": "EnumElement",
                "usr": "s:19SwiftCompilerPlugin0C14HostConnectionV0C12MessageErrorO15truncatedHeaderyA2EmF",
                "mangledName": "$s19SwiftCompilerPlugin0C14HostConnectionV0C12MessageErrorO15truncatedHeaderyA2EmF",
                "moduleName": "SwiftCompilerPlugin",
                "fixedbinaryorder": 0
              },
              {
                "kind": "Var",
                "name": "invalidPayloadSize",
                "printedName": "invalidPayloadSize",
                "children": [
                  {
                    "kind": "TypeFunc",
                    "name": "Function",
                    "printedName": "(SwiftCompilerPlugin.PluginHostConnection.PluginMessageError.Type) -> SwiftCompilerPlugin.PluginHostConnection.PluginMessageError",
                    "children": [
                      {
                        "kind": "TypeNominal",
                        "name": "PluginMessageError",
                        "printedName": "SwiftCompilerPlugin.PluginHostConnection.PluginMessageError",
                        "usr": "s:19SwiftCompilerPlugin0C14HostConnectionV0C12MessageErrorO"
                      },
                      {
                        "kind": "TypeNominal",
                        "name": "Metatype",
                        "printedName": "SwiftCompilerPlugin.PluginHostConnection.PluginMessageError.Type",
                        "children": [
                          {
                            "kind": "TypeNominal",
                            "name": "PluginMessageError",
                            "printedName": "SwiftCompilerPlugin.PluginHostConnection.PluginMessageError",
                            "usr": "s:19SwiftCompilerPlugin0C14HostConnectionV0C12MessageErrorO"
                          }
                        ]
                      }
                    ]
                  }
                ],
                "declKind": "EnumElement",
                "usr": "s:19SwiftCompilerPlugin0C14HostConnectionV0C12MessageErrorO18invalidPayloadSizeyA2EmF",
                "mangledName": "$s19SwiftCompilerPlugin0C14HostConnectionV0C12MessageErrorO18invalidPayloadSizeyA2EmF",
                "moduleName": "SwiftCompilerPlugin",
                "fixedbinaryorder": 1
              },
              {
                "kind": "Var",
                "name": "truncatedPayload",
                "printedName": "truncatedPayload",
                "children": [
                  {
                    "kind": "TypeFunc",
                    "name": "Function",
                    "printedName": "(SwiftCompilerPlugin.PluginHostConnection.PluginMessageError.Type) -> SwiftCompilerPlugin.PluginHostConnection.PluginMessageError",
                    "children": [
                      {
                        "kind": "TypeNominal",
                        "name": "PluginMessageError",
                        "printedName": "SwiftCompilerPlugin.PluginHostConnection.PluginMessageError",
                        "usr": "s:19SwiftCompilerPlugin0C14HostConnectionV0C12MessageErrorO"
                      },
                      {
                        "kind": "TypeNominal",
                        "name": "Metatype",
                        "printedName": "SwiftCompilerPlugin.PluginHostConnection.PluginMessageError.Type",
                        "children": [
                          {
                            "kind": "TypeNominal",
                            "name": "PluginMessageError",
                            "printedName": "SwiftCompilerPlugin.PluginHostConnection.PluginMessageError",
                            "usr": "s:19SwiftCompilerPlugin0C14HostConnectionV0C12MessageErrorO"
                          }
                        ]
                      }
                    ]
                  }
                ],
                "declKind": "EnumElement",
                "usr": "s:19SwiftCompilerPlugin0C14HostConnectionV0C12MessageErrorO16truncatedPayloadyA2EmF",
                "mangledName": "$s19SwiftCompilerPlugin0C14HostConnectionV0C12MessageErrorO16truncatedPayloadyA2EmF",
                "moduleName": "SwiftCompilerPlugin",
                "fixedbinaryorder": 2
              },
              {
                "kind": "Function",
                "name": "==",
                "printedName": "==(_:_:)",
                "children": [
                  {
                    "kind": "TypeNominal",
                    "name": "Bool",
                    "printedName": "Swift.Bool",
                    "usr": "s:Sb"
                  },
                  {
                    "kind": "TypeNominal",
                    "name": "PluginMessageError",
                    "printedName": "SwiftCompilerPlugin.PluginHostConnection.PluginMessageError",
                    "usr": "s:19SwiftCompilerPlugin0C14HostConnectionV0C12MessageErrorO"
                  },
                  {
                    "kind": "TypeNominal",
                    "name": "PluginMessageError",
                    "printedName": "SwiftCompilerPlugin.PluginHostConnection.PluginMessageError",
                    "usr": "s:19SwiftCompilerPlugin0C14HostConnectionV0C12MessageErrorO"
                  }
                ],
                "declKind": "Func",
                "usr": "s:19SwiftCompilerPlugin0C14HostConnectionV0C12MessageErrorO2eeoiySbAE_AEtFZ",
                "mangledName": "$s19SwiftCompilerPlugin0C14HostConnectionV0C12MessageErrorO2eeoiySbAE_AEtFZ",
                "moduleName": "SwiftCompilerPlugin",
                "static": true,
                "implicit": true,
                "funcSelfKind": "NonMutating"
              },
              {
                "kind": "Var",
                "name": "hashValue",
                "printedName": "hashValue",
                "children": [
                  {
                    "kind": "TypeNominal",
                    "name": "Int",
                    "printedName": "Swift.Int",
                    "usr": "s:Si"
                  }
                ],
                "declKind": "Var",
                "usr": "s:19SwiftCompilerPlugin0C14HostConnectionV0C12MessageErrorO9hashValueSivp",
                "mangledName": "$s19SwiftCompilerPlugin0C14HostConnectionV0C12MessageErrorO9hashValueSivp",
                "moduleName": "SwiftCompilerPlugin",
                "implicit": true,
                "accessors": [
                  {
                    "kind": "Accessor",
                    "name": "Get",
                    "printedName": "Get()",
                    "children": [
                      {
                        "kind": "TypeNominal",
                        "name": "Int",
                        "printedName": "Swift.Int",
                        "usr": "s:Si"
                      }
                    ],
                    "declKind": "Accessor",
                    "usr": "s:19SwiftCompilerPlugin0C14HostConnectionV0C12MessageErrorO9hashValueSivg",
                    "mangledName": "$s19SwiftCompilerPlugin0C14HostConnectionV0C12MessageErrorO9hashValueSivg",
                    "moduleName": "SwiftCompilerPlugin",
                    "implicit": true,
                    "accessorKind": "get"
                  }
                ]
              },
              {
                "kind": "Function",
                "name": "hash",
                "printedName": "hash(into:)",
                "children": [
                  {
                    "kind": "TypeNominal",
                    "name": "Void",
                    "printedName": "()"
                  },
                  {
                    "kind": "TypeNominal",
                    "name": "Hasher",
                    "printedName": "Swift.Hasher",
                    "paramValueOwnership": "InOut",
                    "usr": "s:s6HasherV"
                  }
                ],
                "declKind": "Func",
                "usr": "s:19SwiftCompilerPlugin0C14HostConnectionV0C12MessageErrorO4hash4intoys6HasherVz_tF",
                "mangledName": "$s19SwiftCompilerPlugin0C14HostConnectionV0C12MessageErrorO4hash4intoys6HasherVz_tF",
                "moduleName": "SwiftCompilerPlugin",
                "implicit": true,
                "funcSelfKind": "NonMutating"
              }
            ],
            "declKind": "Enum",
            "usr": "s:19SwiftCompilerPlugin0C14HostConnectionV0C12MessageErrorO",
            "mangledName": "$s19SwiftCompilerPlugin0C14HostConnectionV0C12MessageErrorO",
            "moduleName": "SwiftCompilerPlugin",
            "isEnumExhaustive": true,
            "conformances": [
              {
                "kind": "Conformance",
                "name": "Copyable",
                "printedName": "Copyable",
                "usr": "s:s8CopyableP",
                "mangledName": "$ss8CopyableP"
              },
              {
                "kind": "Conformance",
                "name": "Escapable",
                "printedName": "Escapable",
                "usr": "s:s9EscapableP",
                "mangledName": "$ss9EscapableP"
              },
              {
                "kind": "Conformance",
                "name": "Equatable",
                "printedName": "Equatable",
                "usr": "s:SQ",
                "mangledName": "$sSQ"
              },
              {
                "kind": "Conformance",
                "name": "Hashable",
                "printedName": "Hashable",
                "usr": "s:SH",
                "mangledName": "$sSH"
              },
              {
                "kind": "Conformance",
                "name": "Error",
                "printedName": "Error",
                "usr": "s:s5ErrorP",
                "mangledName": "$ss5ErrorP"
              },
              {
                "kind": "Conformance",
                "name": "Sendable",
                "printedName": "Sendable",
                "usr": "s:s8SendableP",
                "mangledName": "$ss8SendableP"
              },
              {
                "kind": "Conformance",
                "name": "BitwiseCopyable",
                "printedName": "BitwiseCopyable",
                "usr": "s:s15BitwiseCopyableP",
                "mangledName": "$ss15BitwiseCopyableP"
              }
            ]
          },
          {
            "kind": "Constructor",
            "name": "init",
            "printedName": "init(inputStream:outputStream:)",
            "children": [
              {
                "kind": "TypeNominal",
                "name": "PluginHostConnection",
                "printedName": "SwiftCompilerPlugin.PluginHostConnection",
                "usr": "s:19SwiftCompilerPlugin0C14HostConnectionV"
              },
              {
                "kind": "TypeNominal",
                "name": "FileHandle",
                "printedName": "Foundation.FileHandle",
                "usr": "c:objc(cs)NSFileHandle"
              },
              {
                "kind": "TypeNominal",
                "name": "FileHandle",
                "printedName": "Foundation.FileHandle",
                "usr": "c:objc(cs)NSFileHandle"
              }
            ],
            "declKind": "Constructor",
            "usr": "s:19SwiftCompilerPlugin0C14HostConnectionV11inputStream06outputG0ACSo12NSFileHandleC_AGtcfc",
            "mangledName": "$s19SwiftCompilerPlugin0C14HostConnectionV11inputStream06outputG0ACSo12NSFileHandleC_AGtcfc",
            "moduleName": "SwiftCompilerPlugin",
            "implicit": true,
            "init_kind": "Designated"
          }
        ],
        "declKind": "Struct",
        "usr": "s:19SwiftCompilerPlugin0C14HostConnectionV",
        "mangledName": "$s19SwiftCompilerPlugin0C14HostConnectionV",
        "moduleName": "SwiftCompilerPlugin",
        "declAttributes": [
          "AccessControl"
        ],
        "conformances": [
          {
            "kind": "Conformance",
            "name": "Copyable",
            "printedName": "Copyable",
            "usr": "s:s8CopyableP",
            "mangledName": "$ss8CopyableP"
          },
          {
            "kind": "Conformance",
            "name": "Escapable",
            "printedName": "Escapable",
            "usr": "s:s9EscapableP",
            "mangledName": "$ss9EscapableP"
          },
          {
            "kind": "Conformance",
            "name": "MessageConnection",
            "printedName": "MessageConnection",
            "usr": "s:34SwiftCompilerPluginMessageHandling0D10ConnectionP",
            "mangledName": "$s34SwiftCompilerPluginMessageHandling0D10ConnectionP"
          },
          {
            "kind": "Conformance",
            "name": "Sendable",
            "printedName": "Sendable",
            "usr": "s:s8SendableP",
            "mangledName": "$ss8SendableP"
          }
        ]
      }
    ],
    "json_format_version": 8
  },
  "ConstValues": []
}